{
  "Grid Search": {
    "0.2": {
      "f1": 0.9624018304372024,
      "mcc": 0.7992107406007671,
      "acc": 0.9375519972062736,
      "pr_auc": 0.9638151057878853,
      "roc_auc": 0.8446039748378866
    },
    "0.55": {
      "f1": 0.9329543842584149,
      "mcc": 0.7886818386443517,
      "acc": 0.9040764257342495,
      "pr_auc": 0.9371975604537359,
      "roc_auc": 0.8558281830604354
    },
    "0.8": {
      "f1": 0.8472473033132792,
      "mcc": 0.6351594546240872,
      "acc": 0.799710036656938,
      "pr_auc": 0.8675051882606968,
      "roc_auc": 0.7746702254535782
    }
  },
    "Random Search": {
  },
    "Bayesian Optimization": {
  }
}