{
  "Grid & Random Search": {
      "0.2": {
          "f1": 0.9591558883594282,
          "mcc": 0.692234795735105,
          "acc": 0.9276672694394213,
          "pr_auc": 0.960758665794637,
          "roc_auc": 0.76
      },
      "0.4": {
          "f1": 0.921289095394248,
          "mcc": 0.6654563544100663,
          "acc": 0.8738838842811223,
          "pr_auc": 0.9270324381911025,
          "roc_auc": 0.7592497197054635
      },
      "0.75": {
          "f1": 0.8612190276858107,
          "mcc": 0.6244699712132372,
          "acc": 0.8064788987034455,
          "pr_auc": 0.8781319887772944,
          "roc_auc": 0.7578218429813504
      },
      "0.9": {
          "f1": 0.8377045414622941,
          "mcc": 0.6090816329702567,
          "acc": 0.7845521892769377,
          "pr_auc": 0.8603664349322235,
          "roc_auc": 0.7573633388549957
      }
  },
  "Bayesian Optimization": {
      "0.2": {
          "f1": 0.9359467135052523,
          "mcc": 0.7161845231110786,
          "acc": 0.897419036659543,
          "pr_auc": 0.9893265461300753,
          "roc_auc": 0.9321560315719294
      },
      "0.4": {
          "f1": 0.9344546044615507,
          "mcc": 0.800453878476828,
          "acc": 0.9086312948926545,
          "pr_auc": 0.981100133783426,
          "roc_auc": 0.9324441761919731
      },
      "0.75": {
          "f1": 0.9318389571161718,
          "mcc": 0.8497711328403695,
          "acc": 0.9224843741928819,
          "pr_auc": 0.9700660281782861,
          "roc_auc": 0.9325544313556681
      },
      "0.9": {
          "f1": 0.9307186725568366,
          "mcc": 0.8596970792064911,
          "acc": 0.9269523519106472,
          "pr_auc": 0.9661989062093939,
          "roc_auc": 0.9325705223240631
      }
  }
}