{
  "Bayesian Opt": {
    "0.2": {
      "acc": 0.8281101343380143,
      "f1": 0.905974009752848,
      "mcc": 0.0,
      "pr_auc": 0.9140550671690071,
      "roc_auc": 0.5
    },
    "0.4": {
      "acc": 0.7066392803792947,
      "f1": 0.8281061950270435,
      "mcc": 0.0,
      "pr_auc": 0.8533196401896473,
      "roc_auc": 0.5
    },
    "0.75": {
      "acc": 0.5622985238541297,
      "f1": 0.7198349294563258,
      "mcc": 0.0,
      "pr_auc": 0.7811492619270648,
      "roc_auc": 0.5
    },
    "0.9": {
      "acc": 0.5170363418198235,
      "f1": 0.6816400208311308,
      "mcc": 0.0,
      "pr_auc": 0.7585181709099118,
      "roc_auc": 0.5
    }
  },
  "Grid Search": {
    "0.2": {
      "acc": 0.8281101343380143,
      "f1": 0.905974009752848,
      "mcc": 0.0,
      "pr_auc": 0.9140550671690071,
      "roc_auc": 0.5
    },
    "0.4": {
      "acc": 0.7066392803792947,
      "f1": 0.8281061950270435,
      "mcc": 0.0,
      "pr_auc": 0.8533196401896473,
      "roc_auc": 0.5
    },
    "0.75": {
      "acc": 0.5622985238541297,
      "f1": 0.7198349294563258,
      "mcc": 0.0,
      "pr_auc": 0.7811492619270648,
      "roc_auc": 0.5
    },
    "0.9": {
      "acc": 0.5170363418198235,
      "f1": 0.6816400208311308,
      "mcc": 0.0,
      "pr_auc": 0.7585181709099118,
      "roc_auc": 0.5
    }
  },
  "Random Search": {
    "0.2": {
      "acc": 0.8281101343380143,
      "f1": 0.905974009752848,
      "mcc": 0.0,
      "pr_auc": 0.9140550671690071,
      "roc_auc": 0.5
    },
    "0.4": {
      "acc": 0.7066392803792947,
      "f1": 0.8281061950270435,
      "mcc": 0.0,
      "pr_auc": 0.8533196401896473,
      "roc_auc": 0.5
    },
    "0.75": {
      "acc": 0.5622985238541297,
      "f1": 0.7198349294563258,
      "mcc": 0.0,
      "pr_auc": 0.7811492619270648,
      "roc_auc": 0.5
    },
    "0.9": {
      "acc": 0.5170363418198235,
      "f1": 0.6816400208311308,
      "mcc": 0.0,
      "pr_auc": 0.7585181709099118,
      "roc_auc": 0.5
    }
  }
}