{"Grid Search": {"0.2": {"f1": 0.5799622928587966, "mcc": -0.126069085869442, "acc": 0.43844024445250246, "pr_auc": 0.8701496382727184, "roc_auc": 0.4087423248119151}, "0.4": {"f1": 0.5447134771073707, "mcc": -0.15411910375454826, "acc": 0.4305309459417452, "pr_auc": 0.7785015132325239, "roc_auc": 0.41011991179211627}, "0.75": {"f1": 0.49152019734813446, "mcc": -0.1778967652372017, "acc": 0.4185807973639167, "pr_auc": 0.6676868931189788, "roc_auc": 0.4082081628891294}, "0.9": {"f1": 0.47214368419635405, "mcc": -0.18008117695540282, "acc": 0.41551277922883345, "pr_auc": 0.6332108713642369, "roc_auc": 0.40887272221049054}}, "Random Search": {"0.2": {"f1": 0.5806127308323191, "mcc": -0.12433441509858179, "acc": 0.43920968612086425, "pr_auc": 0.8705153437896925, "roc_auc": 0.4099958536691801}, "0.4": {"f1": 0.5453201389018307, "mcc": -0.1528751411295314, "acc": 0.43118374832913675, "pr_auc": 0.7788580947372381, "roc_auc": 0.41084483169186226}, "0.75": {"f1": 0.49200210736344174, "mcc": -0.17733492587252409, "acc": 0.41894620774541796, "pr_auc": 0.6679579001273132, "roc_auc": 0.4085005845509053}, "0.9": {"f1": 0.47255148950830617, "mcc": -0.17985013425415342, "acc": 0.41570956623373523, "pr_auc": 0.6334282052981586, "roc_auc": 0.4089942815872681}}, "Bayesian Opt": {"0.2": {"f1": 0.6443192042387283, "mcc": -0.12307308587502896, "acc": 0.49653751249237194, "pr_auc": 0.879417503128781, "roc_auc": 0.4113115846546601}, "0.4": {"f1": 0.6029856331752612, "mcc": -0.15214932813845156, "acc": 0.47234138456277786, "pr_auc": 0.7933606013755523, "roc_auc": 0.4121765811306004}, "0.75": {"f1": 0.541743716903421, "mcc": -0.17472589484478301, "acc": 0.44079390213412484, "pr_auc": 0.6891853913294471, "roc_auc": 0.41144212107666633}, "0.9": {"f1": 0.5192264119592965, "mcc": -0.17845636589466846, "acc": 0.43059978293797035, "pr_auc": 0.6562644266773535, "roc_auc": 0.41151699819047244}}}