{
    "Grid Search": {
        "0.2": {
            "f1": 0.9827522805186178,
            "mcc": 0.9030593153616229,
            "acc": 0.9716419948120844,
            "pr_auc": 0.9898759196157426,
            "roc_auc": 0.9516654218944555
        },
        "0.4": {
            "f1": 0.9741605865164708,
            "mcc": 0.9130805915706852,
            "acc": 0.9636127301629355,
            "pr_auc": 0.9802816391448439,
            "roc_auc": 0.9511171161591774
        },
        "0.75": {
            "f1": 0.9593103368418615,
            "mcc": 0.9077668835687064,
            "acc": 0.9539751146037982,
            "pr_auc": 0.9646366611885617,
            "roc_auc": 0.9506361372564864
        },
        "0.9": {
            "f1": 0.953376640563416,
            "mcc": 0.9042555802459499,
            "acc": 0.9512979402448626,
            "pr_auc": 0.9586152136358876,
            "roc_auc": 0.9508703785783024
        }
    },
    "Random Search": {
        "0.2": {
            "f1": 0.9821233818578405,
            "mcc": 0.8992254659825789,
            "acc": 0.9705888089247752,
            "pr_auc": 0.9892424563107333,
            "roc_auc": 0.9486830862724801
        },
        "0.4": {
            "f1": 0.9733368578729403,
            "mcc": 0.9101971862657753,
            "acc": 0.962420519274076,
            "pr_auc": 0.9794687484712922,
            "roc_auc": 0.9491354385040844
        },
        "0.75": {
            "f1": 0.9584174451224803,
            "mcc": 0.9057085853103519,
            "acc": 0.952920759659463,
            "pr_auc": 0.9637827932643488,
            "roc_auc": 0.949457718845104
        },
        "0.9": {
            "f1": 0.9524236519459917,
            "mcc": 0.9022766556016525,
            "acc": 0.9502521351853299,
            "pr_auc": 0.9577151277009257,
            "roc_auc": 0.9498101591727738
        }
    },
    "Bayesian Opt": {
        "0.2": {
            "f1": 0.9120366112917273,
            "mcc": 0.3012148173925417,
            "acc": 0.8414272619117275,
            "pr_auc": 0.9191734857628964,
            "roc_auc": 0.5543718991440234
        },
        "0.4": {
            "f1": 0.8385848507607446,
            "mcc": 0.281977496287771,
            "acc": 0.7313137501655849,
            "pr_auc": 0.8610289713857256,
            "roc_auc": 0.5552080653903223
        },
        "0.75": {
            "f1": 0.7346821388575387,
            "mcc": 0.2522203534503827,
            "acc": 0.6012639161755076,
            "pr_auc": 0.7903099963262029,
            "roc_auc": 0.5548785696562487
        },
        "0.9": {
            "f1": 0.6975907054106724,
            "mcc": 0.2419210731685207,
            "acc": 0.5607077816310952,
            "pr_auc": 0.7677979979802023,
            "roc_auc": 0.5547222055860065
        }
    }
}