{"Grid Search": {"0.2": {"f1": 0.9845226130653266, "mcc": 0.8774886567689958, "acc": 0.972955608477393, "pr_auc": 0.9915217224437253, "roc_auc": 0.9401591148676257}, "0.4": {"f1": 0.9773259294227578, "mcc": 0.8965686967583326, "acc": 0.9645501236446643, "pr_auc": 0.9835871933244927, "roc_auc": 0.9405164765176157}, "0.75": {"f1": 0.9646827112456166, "mcc": 0.8969807349264328, "acc": 0.9532119083075592, "pr_auc": 0.97025353366651, "roc_auc": 0.9400976173705007}, "0.9": {"f1": 0.9597770916772609, "mcc": 0.8955487877358209, "acc": 0.9499500451972025, "pr_auc": 0.9652171519896271, "roc_auc": 0.9406994964007267}}, "Random Search": {"0.2": {"f1": 0.9828249317401133, "mcc": 0.8622685668060536, "acc": 0.9699316394538009, "pr_auc": 0.9897442128750515, "roc_auc": 0.927591400132833}, "0.4": {"f1": 0.9735263040549056, "mcc": 0.8780715805188977, "acc": 0.9584401750047555, "pr_auc": 0.9797844423184127, "roc_auc": 0.9266214185114321}, "0.75": {"f1": 0.957948805997911, "mcc": 0.8766378997227559, "acc": 0.9438886555424033, "pr_auc": 0.963768380826205, "roc_auc": 0.92672209073897}, "0.9": {"f1": 0.9513966189364191, "mcc": 0.8731635532073173, "acc": 0.9389778295827584, "pr_auc": 0.9572552288995011, "roc_auc": 0.926694665230859}}, "Bayesian Opt": {"0.2": {"f1": 0.9756747048540434, "mcc": 0.7888237176264465, "acc": 0.9564908252951154, "pr_auc": 0.976963632043385, "roc_auc": 0.8325289560605866}, "0.4": {"f1": 0.9535971239859757, "mcc": 0.7763516304573158, "acc": 0.9245729503519118, "pr_auc": 0.9562076452398293, "roc_auc": 0.8335499893462718}, "0.75": {"f1": 0.9172223447890825, "mcc": 0.7505028168680625, "acc": 0.8829979507935902, "pr_auc": 0.9238854906793709, "roc_auc": 0.8339122738231826}, "0.9": {"f1": 0.9025483802367619, "mcc": 0.7400164119296363, "acc": 0.8691897806746277, "pr_auc": 0.9114606446405578, "roc_auc": 0.8341311088343139}}}