{
    "Grid Search": {
        "gamma": "scale",
        "nu": 0.01,
        "tol": 0.001
    },
    "Random Search": {
        "gamma": "scale",
        "nu": 0.01,
        "tol": 1e-05
    },
    "Bayesian Opt": {
        "gamma": 0.002748232495731026,
        "nu": 0.014533824703500385,
        "tol": 0.006762806191316482
    }
}