{
    "Grid Search": {
        "gamma": 0.001,
        "nu": 0.01,
        "tol": 1e-05
    },
    "Random Search": {
        "gamma": 0.001,
        "nu": 0.01,
        "tol": 0.01
    },
    "Bayesian Opt": {
        "gamma": 0.00223694238369927,
        "nu": 0.027726793790544636,
        "tol": 0.027260802631619452
    }
}